Feature,Importance_Avg
C07BB07_drug,487.5
G04CA03_drug,477.5
91.09.4_exam,473.5
90.82.3_exam,472.0
D07CC01_drug,470.0
D05AX52_drug,468.5
MW_2832_exam,466.5
L02AE04_drug,466.0
4AA2F10_drug,461.0
L02AE02_drug,455.5
J07AX_drug,453.0
4AA2F31_drug,452.5
G03CA04_drug,451.5
9056501_exam,451.5
90.52.4_exam,449.0
88.01.6_exam,448.5
90.65.1_exam,447.0
89.43_exam,446.5
N05CD05_drug,444.0
90.24.5_exam,441.0
M04AC01_drug,439.0
C08CA02_drug,436.5
N04BC05_drug,436.0
A09AA02_drug,435.5
R06AX28_drug,435.5
N05AH03_drug,431.5
87.22_exam,429.5
A10BD07_drug,428.5
90.10.1_exam,428.0
90.74.5_exam,426.5
N06BX12_drug,425.5
A10AB04_drug,423.5
H02AB02_drug,423.5
N04BC09_drug,422.0
90.27.4_exam,421.5
91.19.5_exam,417.5
J01DD13_drug,416.5
4AA2F27_drug,414.0
90.34.6_exam,413.0
90.05.5_exam,412.5
90.32.3_exam,412.0
C09AA06_drug,411.0
S01EC01_drug,410.5
C09BA06_drug,410.0
A10BH01_drug,410.0
89.37.2_exam,408.0
H03BB02_drug,407.5
A10AB05_drug,406.0
C09AA07_drug,405.0
7BB1_drug,404.5
87.24_exam,402.5
N06BX06_drug,402.0
N07CA01_drug,401.5
M03BX01_drug,401.5
N05AL05_drug,401.0
C09AA08_drug,400.5
A03AA05_drug,399.5
R03DC03_drug,399.5
B01AX05_drug,399.5
M02AA10_drug,398.5
A06AD11_drug,397.5
M01AB16_drug,396.5
N05AD01_drug,395.0
N04AA02_drug,395.0
M02AA15_drug,394.5
90.64.2_exam,394.0
C07AA05_drug,393.5
R06AX27_drug,393.5
88.79.8_exam,392.0
A10BG03_drug,391.5
88.79.2_exam,389.0
88.21_exam,388.5
88.75.1_exam,387.5
A03FA03_drug,387.5
B03AA01_drug,387.5
4AA2F14_drug,387.5
C08DB01_drug,387.5
87.03_exam,387.0
A03FA01_drug,386.0
C09BB12_drug,384.5
90.29.2_exam,383.5
C09BA15_drug,383.0
R05CB07_drug,382.0
4AA2B99_drug,382.0
90.19.2_exam,381.5
90.60.2_exam,379.5
A10AB06_drug,379.5
N07XX_drug,379.0
N02AX06_drug,379.0
R06AX25_drug,378.5
C08DA01_drug,378.0
A11CC03_drug,377.0
90.93.5_exam,376.0
88.79.7_exam,375.5
N05CD06_drug,375.0
88.28_exam,374.5
R06AE09_drug,373.5
A03FA06_drug,373.5
A12AA04_drug,372.5
N04BA03_drug,369.0
J01EE01_drug,368.0
90.05.1_exam,367.5
90.47.3_exam,365.0
C09BB02_drug,364.5
N03AE01_drug,361.0
A03CA01_drug,360.5
A12AX_drug,360.0
C09DA07_drug,359.0
C10AA04_drug,358.0
B01AB_drug,357.0
89.24_exam,355.0
90.12.A_exam,352.5
L02BG03_drug,351.5
N06AX21_drug,351.0
B03BA51_drug,350.5
P01BA02_drug,350.0
S01ED05_drug,348.5
B01AF02_drug,347.5
91.18.5_exam,345.5
90.23.3_exam,344.5
90.42.5_exam,343.0
N03AX11_drug,342.5
N03AF02_drug,342.0
N06CA01_drug,341.5
S01EC54_drug,341.0
R05CB01_drug,341.0
S01EA05_drug,340.0
4AA2F11_drug,339.5
91.22.4_exam,338.0
87.41.1_exam,337.5
N02AX02_drug,336.0
C10AA02_drug,336.0
N06AX11_drug,336.0
C03DA03_drug,336.0
90.94.2_exam,335.5
C09BA02_drug,335.5
C08CA05_drug,335.5
B01AE07_drug,335.5
R03BA03_drug,335.0
90.35.5_exam,334.5
88.94.1_exam,333.0
B03BA03_drug,329.0
N04BD01_drug,329.0
N05AL07_drug,326.5
N05BA08_drug,323.5
A07EA07_drug,323.0
A10BX02_drug,322.0
N05AA03_drug,321.5
88.93_exam,321.0
A16AA02_drug,318.0
N06AB04_drug,318.0
90.06.4_exam,317.0
B01AC24_drug,316.5
90.43.3_exam,316.0
N03AX12_drug,316.0
M01AB15_drug,315.5
C09BA03_drug,315.0
D01AC20_drug,314.5
N06AA04_drug,314.5
N06DA03_drug,314.0
90.10.5_exam,312.0
N06DX01_drug,311.5
88.26_exam,309.5
91.38.5_exam,308.0
A10BD08_drug,306.5
D07AC14_drug,306.5
90.38.5_exam,306.5
M05BA_drug,305.5
4AA2F35_drug,305.0
NULL_drug,304.0
4AA2F33_drug,303.5
J01FA09_drug,302.0
J01FA06_drug,300.5
J01XX01_drug,299.0
L01BA01_drug,298.5
NaN_drug,298.5
R03BB05_drug,298.5
C03CA04_drug,296.0
B03XA01_drug,294.5
R03AC02_drug,294.0
C01DA14_drug,292.5
B03AA07_drug,292.5
B05BB01_drug,291.0
J01FA10_drug,290.0
S01CA01_drug,289.0
R03BA02_drug,289.0
R05DA_drug,288.5
C03DA01_drug,288.0
90.93.4_exam,287.5
M05BA07_drug,287.0
B03AB_drug,286.5
S01EE05_drug,286.0
88.74.1_exam,286.0
90.42.3_exam,285.0
N02AB03_drug,285.0
J02AC02_drug,283.0
45.13_exam,282.5
L01XX05_drug,282.0
4AA2F12_drug,282.0
90.13.5_exam,281.5
A10BF01_drug,280.5
N02AA59_drug,280.5
C01EB17_drug,279.5
C01BC03_drug,279.0
90.14.3_exam,279.0
C01AA05_drug,279.0
M01AX17_drug,278.5
N06AA09_drug,276.5
87.44.1_exam,276.0
C09AA15_drug,275.0
C03DA02_drug,274.5
88.27_exam,273.5
N07CA52_drug,272.5
90.10.4_exam,272.5
A10AE04_drug,272.5
A03FA_drug,270.0
90.23.2_exam,268.5
90.10.5_num,267.5
L02BG04_drug,265.5
89.26_exam,265.0
C09DA01_drug,264.5
S01EE01_drug,264.0
N02BE51_drug,262.5
MW_2609_exam,262.5
90.11.4_exam,262.0
N04BA02_drug,261.0
90.38.2_exam,260.5
R05FB01_drug,260.0
4AA2F32_drug,260.0
N02BE01_drug,259.5
88.71.4_exam,258.5
90.32.5_exam,258.0
90.22.3_exam,256.5
A05AA02_drug,256.0
L02BA01_drug,256.0
90.65.3_exam,255.0
N05AH04_drug,255.0
R05DB27_drug,253.0
90.44.5_exam,252.5
90.25.5_exam,252.0
C09DB02_drug,252.0
R06AE07_drug,252.0
M03BX05_drug,251.5
88.77.2_exam,251.5
C01BC04_drug,250.0
C09CA04_drug,250.0
90.21.4_exam,249.5
J02AC01_drug,246.5
R05DA09_drug,246.5
C09BA12_drug,246.0
J01MA17_drug,245.5
A07EC02_drug,245.0
R05CB06_drug,245.0
C09DA06_drug,244.5
C08CA12_drug,244.0
A11CC04_drug,241.5
4AA2F09_drug,237.0
A06AD65_drug,236.0
R03BB04_drug,234.5
90.28.1_exam,232.5
N03AF01_drug,231.0
C09CA08_drug,230.0
4AA2F99_drug,230.0
87.37.1_exam,229.5
88.79.1_exam,229.5
90.33.4_exam,229.0
90.82.5_exam,228.5
90.04.5_exam,228.0
90.14.1_exam,228.0
S01ED01_drug,226.5
45.23_exam,225.0
89.52_exam,225.0
N06AB06_drug,224.5
C09BA05_drug,224.5
90.22.5_exam,224.0
R03BA01_drug,223.0
88.72.1_exam,222.0
R03AK08_drug,221.0
C09BA04_drug,218.0
G04BD04_drug,216.5
90.55.1_exam,216.5
A02BC04_drug,216.5
90.16.3_exam,216.0
90.76.1_exam,215.5
H02AB04_drug,215.5
J01DD08_drug,215.5
N05BA_drug,215.0
C07AB03_drug,214.5
88.23_exam,213.0
H02AB07_drug,213.0
R03AK07_drug,212.0
N06AB03_drug,211.5
M01AE03_drug,211.5
90.55.2_exam,211.0
J01BA02_drug,210.0
90.40.4_exam,208.5
90.69.4_exam,208.5
A07AA11_drug,207.5
N06AB10_drug,206.5
88.73.1_exam,202.5
90.55.3_exam,201.0
S01EE04_drug,200.5
M05BB03_drug,200.5
90.54.4_exam,200.5
J01DD04_drug,199.0
88.99.2_exam,198.5
C09AA03_drug,198.0
MW_2818_num,197.5
90.14.2_exam,197.5
89.13_exam,195.5
90.62.2_exam,195.0
C01BD01_drug,195.0
C09AA04_drug,194.0
90.42.1_exam,193.0
C09CA06_drug,192.5
C09BB04_drug,190.5
B01AA03_drug,190.5
MW_1935_exam,190.0
90.29.2_num,187.5
90.22.3_num,187.5
S01EE03_drug,186.0
90.43.2_exam,185.5
B01AC05_drug,184.5
90.56.3_exam,184.5
MW_1946_exam,184.5
B02AA02_drug,184.0
C09DA08_drug,183.5
N06AX05_drug,183.0
R03BB06_drug,183.0
90.09.2_exam,181.5
90.49.5_exam,180.0
R03AK10_drug,179.0
90.15.4_exam,179.0
N05CF02_drug,178.0
C10AB04_drug,177.0
89.01_exam,176.5
G04CA02_drug,176.5
R03AK06_drug,176.5
S01EC03_drug,176.0
N02AA55_drug,174.0
A02BX13_drug,173.5
H02AB01_drug,173.0
90.36.6_exam,173.0
90.43.2_num,173.0
C08CA09_drug,172.0
A02AD02_drug,170.5
M01AB05_drug,170.5
C09CA01_drug,170.0
90.84.5_exam,169.5
90.42.3_num,168.5
90.40.4_num,166.0
88.73.5_exam,165.5
90.51.4_exam,165.5
C03EB01_drug,164.0
C10AX09_drug,163.5
90.13.3_exam,163.0
N03AX16_drug,163.0
PRESSIONE_SIST_num,162.0
89.50_exam,161.5
M01AH05_drug,161.5
90.04.5_num,161.0
G04CB02_drug,161.0
90.15.4_num,160.5
J01CA04_drug,159.5
MW_2131_num,159.0
C07AB02_drug,158.5
J01MA02_drug,157.0
C07AA07_drug,156.5
90.37.4_exam,156.0
90.14.2_num,155.5
N03AX14_drug,155.0
C07CB03_drug,153.0
L02BB03_drug,152.5
C07BB12_drug,150.5
B01AC06_drug,150.0
MW_2155_num,150.0
90.72.3_exam,147.5
90.14.1_num,147.0
C03CA01_drug,146.5
N06AX16_drug,144.5
N03AA02_drug,144.5
90.28.4_exam,144.0
C08CA13_drug,143.0
M05BA04_drug,141.5
MW_2814_num,140.0
A02BC05_drug,140.0
90.56.6_exam,139.5
MW_2153_num,138.0
A10BD02_drug,137.5
90.27.1_num,137.0
4AA2F15_drug,136.0
C09CA07_drug,136.0
M04AA03_drug,136.0
90.43.5_exam,135.5
C07AB12_drug,135.0
90.23.5_exam,133.5
MW_2816_num,132.5
H03AA01_drug,132.5
90.75.4_exam,132.5
90.14.3_num,132.5
90.56.6_num,132.0
C02CA04_drug,131.0
90.30.2_exam,131.0
MW_3473_num,130.5
C09DA04_drug,130.0
MW_2815_num,129.0
89.7_exam,129.0
95.02_exam,127.5
N03AG01_drug,127.0
90.09.2_num,126.5
MW_3474_num,126.0
MW_2144_num,124.5
S01ED51_drug,124.0
90.43.5_num,124.0
90.82.5_num,123.5
90.56.3_num,123.5
90.25.5_num,122.5
MW_3462_num,121.5
C09DA03_drug,121.0
A02BA02_drug,119.0
90.44.1_num,119.0
C03EA01_drug,119.0
90.42.1_num,119.0
MW_2146_num,117.0
A10BB12_drug,117.0
N05BA06_drug,116.5
MW_2817_num,116.0
N06AB05_drug,115.0
MW39_exam,114.5
S01EC04_drug,113.5
M04AA01_drug,112.5
88.76.1_exam,112.0
A12BA01_drug,111.5
MW_2151_num,111.5
93.08.1_exam,111.5
90.22.5_num,111.0
90.27.1_exam,111.0
MW_5401_exam,110.5
MW_2787_num,109.5
MW_3476_num,109.0
G04CB01_drug,108.0
C09BA07_drug,107.5
C07AB07_drug,107.5
A10BA02_drug,106.0
90.11.4_num,104.0
B01AC04_drug,103.0
90.38.4_exam,101.0
A10BB09_drug,100.0
B01AC30_drug,99.5
C09BB07_drug,99.5
C10AA05_drug,99.0
C10AA07_drug,98.5
B01AB05_drug,98.5
NaN_exam,97.0
M01AE01_drug,97.0
A02BC01_drug,95.0
MW_3472_num,92.0
C09AA05_drug,91.5
90.56.5_exam,90.5
A02BC03_drug,90.0
J01CR02_drug,89.0
C10AX06_drug,88.0
C01DA02_drug,86.5
B01AF01_drug,86.5
C08CA01_drug,85.5
PRESSIONE_DIAST_num,85.0
B03BB01_drug,84.5
C01EB18_drug,83.5
C10AA03_drug,82.0
G04CA04_drug,79.5
G04CA01_drug,79.0
MW_2152_num,78.5
90.44.1_exam,76.5
C10BA02_drug,75.5
C09CA03_drug,72.0
MW_3952_exam,70.5
90.72.3_num,67.5
C09AA02_drug,67.5
90.37.4_num,64.0
A02BC02_drug,62.0
90.10.4_num,59.0
J01MA12_drug,57.0
C10AA01_drug,56.0
90.44.3_exam,53.5
N05BA12_drug,53.0
C07AG02_drug,52.0
A11CC05_drug,48.0
90.28.1_num,46.5
90.21.6_exam,44.5
9042101_exam,39.0
90.23.5_num,37.5
90.56.5_num,35.5
age,30.5
MW_3461_num,26.0
gender,25.5
90.16.3_num,9.0
